<?xml version="1.0" encoding="utf-8"?>
<layout orientation="portrait">
	<row weight="2">
		<tabs color="#424242">

			<!-- Main Interface Control Tab -->
			<tab color="#1565C0" text="Main Interface">
				
				<!-- Category Switcher -->
				<row>
					<grid>
						<row>
							<button color="#42A5F5" text="Movies" ontap="switchvideosource,movies" />
							<button color="#42A5F5" text="TV Shows" ontap="switchvideosource,tv" />
							<button color="#42A5F5" text="Anime" ontap="switchvideosource,anime" />
						</row>
					</grid>
				</row>

				<!-- Gap -->
				<row weight="1"></row>

				<row>
					<grid>
						<!-- Arrow controls -->
						<button weight="2" icon="search" ontap="search" />
						<button weight="1" text="clear search" ontap="clearsearch" />
						<button weight="1" text="Change Quality" ontap="changequality" />
						<button icon="back" ontap="goback" />
						<!-- End of Arrow Controls -->
					</grid>
				</row>

				<!-- Gap -->
				<row weight="1"></row>

				<!-- Navigation Controls -->
				<row weight="2">
					<!-- Arrow Buttons -->
					<grid>
						<row>
							<button icon="up" ontap="moveup" />
						</row>
						<row>
							<button icon="left" ontap="moveleft" />
							<button icon="select" ontap="select"/>
							<button icon="right" ontap="moveright" />
						</row>
						<row>
							<button icon="down" ontap="movedown" />
						</row>
					</grid>

					<!-- Select/Back Buttons -->
					<grid>
						<row>
							<button text="Season Up" ontap="seasonup" />
						</row>
						<row>
							<button text="Season Down" ontap="seasondown"/>
						</row>
					</grid>
				</row>
			</tab>

			<!-- Video Player Control Tab -->
			<tab color="#7CB342" text="Video Player">
				<grid>
					<!-- Gap -->
					<row weight="5"></row>

					<!-- Volume + Fullscreen Control -->
					<row weight="1">
						<button icon="vdown" ontap="volumedown" />
						<button icon="vup" ontap="volumeup"/>
						<button icon="vmute" ontap="volumemute" />
						<button icon="fullscreen" ontap="togglefullscreen" />
					</row>

					<!-- Playback Controls -->
					<row weight="1">
						<button icon="playpause" ontap="select" />
						<button icon="rwd" ontap="skipbackward" />
						<button icon="ff" ontap="skipforward" />
						<button id="skiptime" text="10s" ontap="skiptimetoggle" />
					</row>
				</grid>
			</tab>

			
		</tabs>
	</row>
</layout>